index,c,v,t,query
0,1,1,"Blessed is the man that walketh not in the counsel of the ungodly, nor standeth in the way of sinners, nor sitteth in the seat of the scornful.",What qualities characterize a person who avoids the influence of the ungodly?
2,1,3,"And he shall be like a tree planted by the rivers of water, that bringeth forth his fruit in his season; his leaf also shall not wither; and whatsoever he doeth shall prosper.",How does a person who delights in the law of the Lord experience personal growth and success?
3,1,4,The ungodly are not so: but are like the chaff which the wind driveth away.,In what ways are the ungodly compared to chaff in terms of their stability and worth?
5,1,6,For the LORD knoweth the way of the righteous: but the way of the ungodly shall perish.,What is the ultimate fate of those who do not follow the righteous path?
6,2,1,"Why do the heathen rage, and the people imagine a vain thing?",What motivates people to resist authority and challenge established norms?
9,2,4,He that sitteth in the heavens shall laugh: the LORD shall have them in derision.,How does the concept of divine judgment affect the actions of worldly rulers?
15,2,10,"Be wise now therefore, O ye kings: be instructed, ye judges of the earth.",What is the significance of divine kingship in the context of governance and power?
17,2,12,"Kiss the Son, lest he be angry, and ye perish from the way, when his wrath is kindled but a little. Blessed are all they that put their trust in him.",What consequences might arise from rejecting a higher moral authority?
19,3,2,"Many there be which say of my soul, There is no help for him in God. Selah.",How can a person find strength and comfort during times of distress?
22,3,5,I laid me down and slept; I awaked; for the LORD sustained me.,What role does faith play in overcoming fear of adversity?
24,3,7,"Arise, O LORD; save me, O my God: for thou hast smitten all mine enemies upon the cheek bone; thou hast broken the teeth of the ungodly.",How does personal integrity influence one's standing in times of trouble?
28,4,3,But know that the LORD hath set apart him that is godly for himself: the LORD will hear when I call unto him.,What psychological effects can distress have on a person’s well-being?
35,5,2,"Hearken unto the voice of my cry, my King, and my God: for unto thee will I pray.",What motivates individuals to act unjustly against others?
40,5,7,"But as for me, I will come into thy house in the multitude of thy mercy: and in thy fear will I worship toward thy holy temple.",How can trust in a higher power provide reassurance in difficult situations?
44,5,11,"But let all those that put their trust in thee rejoice: let them ever shout for joy, because thou defendest them: let them also that love thy name be joyful in thee.",What consequences might arise from denying one’s own wrongdoing?
47,6,2,"Have mercy upon me, O LORD; for I am weak: O LORD, heal me; for my bones are vexed.",How does personal righteousness shape one's interactions with others?
51,6,6,I am weary with my groaning; all the night make I my bed to swim; I water my couch with my tears.,What lessons can be learned from the failures of those who engage in deceitful practices?
57,7,2,"Lest he tear my soul like a lion, rending it in pieces, while there is none to deliver.",How can faith offer support during moments of despair?
59,7,4,"If I have rewarded evil unto him that was at peace with me; (yea, I have delivered him that without cause is mine enemy:)",In what ways can hope for justice provide strength in times of trouble?
102,10,1,"Why standest thou afar off, O LORD? why hidest thou thyself in times of trouble?",How can I seek justice in a world where the wicked seem to prosper?
103,10,2,The wicked in his pride doth persecute the poor: let them be taken in the devices that they have imagined.,What can I do to remind myself of my own humanity in the face of pride and oppression?
104,10,3,"For the wicked boasteth of his heart's desire, and blesseth the covetous, whom the LORD abhorreth.",How do I cope with feelings of abandonment during difficult times?
105,10,4,"The wicked, through the pride of his countenance, will not seek after God: God is not in all his thoughts.",What steps can I take to stand up for those who are vulnerable?
106,10,5,"His ways are always grievous; thy judgments are far above out of his sight: as for all his enemies, he puffeth at them.",How does pride impact one's ability to seek help or acknowledge wrongs?
107,10,6,"He hath said in his heart, I shall not be moved: for I shall never be in adversity.",In what ways can a person remain humble in a competitive environment?
109,10,8,He sitteth in the lurking places of the villages: in the secret places doth he murder the innocent: his eyes are privily set against the poor.,How can I be a protector for those who cannot defend themselves?
113,10,12,"Arise, O LORD; O God, lift up thine hand: forget not the humble.",What does it mean to trust in a higher power when faced with adversity?
116,10,15,Break thou the arm of the wicked and the evil man: seek out his wickedness till thou find none.,How can I stay grounded and not lose hope in a corrupt world?
120,11,1,"In the LORD put I my trust: how say ye to my soul, Flee as a bird to your mountain?",How can I maintain integrity in a society that often rewards deceit?
122,11,3,"If the foundations be destroyed, what can the righteous do?",What strategies can I use to discern genuine intentions from flattery?
124,11,5,The LORD trieth the righteous: but the wicked and him that loveth violence his soul hateth.,How can I actively support those who are oppressed in my community?
128,12,2,They speak vanity every one with his neighbour: with flattering lips and with a double heart do they speak.,What does it mean to have faith in difficult circumstances?
131,12,5,"For the oppression of the poor, for the sighing of the needy, now will I arise, saith the LORD; I will set him in safety from him that puffeth at him.",How can I express my gratitude for the good in my life?
132,12,6,"The words of the LORD are pure words: as silver tried in a furnace of earth, purified seven times.",What can I learn from those who deny the existence of a higher power?
133,12,7,"Thou shalt keep them, O LORD, thou shalt preserve them from this generation for ever.",How can I seek knowledge and understanding in my daily life?
135,13,1,"How long wilt thou forget me, O LORD? for ever? how long wilt thou hide thy face from me?",What qualities should I strive for to feel a sense of belonging?
137,13,3,"Consider and hear me, O LORD my God: lighten mine eyes, lest I sleep the sleep of death;",How do my actions and values reflect my character to others?
141,14,1,"The fool hath said in his heart, There is no God. They are corrupt, they have done abominable works, there is none that doeth good.",What does it mean to find strength in vulnerability?
142,14,2,"The LORD looked down from heaven upon the children of men, to see if there were any that did understand, and seek God.",How can I maintain hope when facing overwhelming challenges?
146,14,6,"Ye have shamed the counsel of the poor, because the LORD is his refuge.",How do I find courage in my darkest moments?
150,15,3,"He that backbiteth not with his tongue, nor doeth evil to his neighbour, nor taketh up a reproach against his neighbour.",How can I navigate my emotions when feeling threatened?
151,15,4,"In whose eyes a vile person is contemned; but he honoureth them that fear the LORD. He that sweareth to his own hurt, and changeth not.",What role does community play in overcoming personal trials?
152,15,5,"He that putteth not out his money to usury, nor taketh reward against the innocent. He that doeth these things shall never be moved.",How can I balance my own needs with those of others in crisis situations?
153,16,1,"Preserve me, O God: for in thee do I put my trust.",How can I stay resilient in the face of betrayal or disappointment?
156,16,4,"Their sorrows shall be multiplied that hasten after another god: their drink offerings of blood will I not offer, nor take up their names into my lips.",What does it mean to feel truly safe and supported?
199,18,21,"For I have kept the ways of the LORD, and have not wickedly departed from my God.",How can I ensure that my actions align with my values and beliefs?
201,18,23,"I was also upright before him, and I kept myself from mine iniquity.",What does it mean to be rewarded for living righteously?
203,18,25,With the merciful thou wilt shew thyself merciful; with an upright man thou wilt shew thyself upright;,How can I cultivate a merciful attitude towards others?
204,18,26,With the pure thou wilt shew thyself pure; and with the froward thou wilt shew thyself froward.,What steps can I take to find light in dark times?
208,18,30,"As for God, his way is perfect: the word of the LORD is tried: he is a buckler to all those that trust in him.",How can I overcome challenges and feel empowered?
210,18,32,"It is God that girdeth me with strength, and maketh my way perfect.",In what ways can I show gratitude for the support I receive?
215,18,37,"I have pursued mine enemies, and overtaken them: neither did I turn again till they were consumed.",How can I maintain my composure in the face of conflict?
223,18,45,"The strangers shall fade away, and be afraid out of their close places.",What does it mean to feel delivered from hardship?
230,19,2,"Day unto day uttereth speech, and night unto night sheweth knowledge.",How do the wonders of nature reflect a higher purpose?
234,19,6,"His going forth is from the end of the heaven, and his circuit unto the ends of it: and there is nothing hid from the heat thereof.",What lessons can I draw from the perfection of moral laws?
239,19,11,Moreover by them is thy servant warned: and in keeping of them there is great reward.,How can I recognize and learn from my own mistakes?
241,19,13,"Keep back thy servant also from presumptuous sins; let them not have dominion over me: then shall I be upright, and I shall be innocent from the great transgression.",How do I cultivate thoughts and words that reflect my values?
243,20,1,The LORD hear thee in the day of trouble; the name of the God of Jacob defend thee;,How can I find strength in times of trouble?
245,20,3,"Remember all thy offerings, and accept thy burnt sacrifice; Selah.",What role does community play in supporting each other?
246,20,4,"Grant thee according to thine own heart, and fulfil all thy counsel.",How can I stay hopeful despite feeling overwhelmed?
254,21,3,For thou preventest him with the blessings of goodness: thou settest a crown of pure gold on his head.,How can I express my faith when faced with doubt or ridicule?
257,21,6,For thou hast made him most blessed for ever: thou hast made him exceeding glad with thy countenance.,What does it mean to be truly vulnerable and rely on support?
261,21,10,"Their fruit shalt thou destroy from the earth, and their seed from among the children of men.",How can I turn my struggles into opportunities for growth?
267,22,3,"But thou art holy, O thou that inhabitest the praises of Israel.",How can I find comfort in my faith during difficult times?
269,22,5,"They cried unto thee, and were delivered: they trusted in thee, and were not confounded.",What does it mean to find satisfaction in serving others?
296,23,1,The LORD is my shepherd; I shall not want.,How can I experience peace and restoration in my life?
299,23,4,"Yea, though I walk through the valley of the shadow of death, I will fear no evil: for thou art with me; thy rod and thy staff they comfort me.",What strategies can help me navigate fear during challenging moments?
300,23,5,Thou preparest a table before me in the presence of mine enemies: thou anointest my head with oil; my cup runneth over.,How can someone feel blessed even in the presence of their adversaries?
301,23,6,Surely goodness and mercy shall follow me all the days of my life: and I will dwell in the house of the LORD for ever.,What brings a sense of comfort and hope throughout one’s life?
302,24,1,"The earth is the LORD's, and the fulness thereof; the world, and they that dwell therein.","Who owns everything on Earth, including the people living on it?"
304,24,3,Who shall ascend into the hill of the LORD? or who shall stand in his holy place?,What kind of person is worthy of standing in a place of honor or spiritual significance?
305,24,4,"He that hath clean hands, and a pure heart; who hath not lifted up his soul unto vanity, nor sworn deceitfully.",What personal qualities are associated with being upright and truthful?
309,24,8,"Who is this King of glory? The LORD strong and mighty, the LORD mighty in battle.",What qualities make someone a strong and victorious leader?
313,25,2,"O my God, I trust in thee: let me not be ashamed, let not mine enemies triumph over me.",How can someone face enemies without being overwhelmed by shame?
315,25,4,"Shew me thy ways, O LORD; teach me thy paths.",How can one ask for guidance when uncertain about the right path?
318,25,7,"Remember not the sins of my youth, nor my transgressions: according to thy mercy remember thou me for thy goodness' sake, O LORD.",How can people ask for forgiveness for past mistakes?
320,25,9,The meek will he guide in judgment: and the meek will he teach his way.,What kind of people are most likely to receive guidance during tough decisions?
325,25,14,The secret of the LORD is with them that fear him; and he will shew them his covenant.,How can someone feel connected to deeper truths or hidden insights?
328,25,17,The troubles of my heart are enlarged: O bring thou me out of my distresses.,What can someone do when they feel overwhelmed by emotional burdens?
332,25,21,Let integrity and uprightness preserve me; for I wait on thee.,How can values like integrity and honesty provide stability during difficult times?
335,26,2,"Examine me, O LORD, and prove me; try my reins and my heart.",What might someone say when asking for an honest evaluation of their intentions and character?
338,26,5,I have hated the congregation of evil doers; and will not sit with the wicked.,What motivates someone to avoid the company of dishonest or harmful people?
346,27,1,The LORD is my light and my salvation; whom shall I fear? the LORD is the strength of my life; of whom shall I be afraid?,What helps someone stay fearless even in the face of dangerous situations?
348,27,3,"Though an host should encamp against me, my heart shall not fear: though war should rise against me, in this will I be confident.",How can a person stay confident when surrounded by hostility or threats?
349,27,4,"One thing have I desired of the LORD, that will I seek after; that I may dwell in the house of the LORD all the days of my life, to behold the beauty of the LORD, and to enquire in his temple.",What might someone seek to bring them peace and fulfillment for their whole life?
351,27,6,"And now shall mine head be lifted up above mine enemies round about me: therefore will I offer in his tabernacle sacrifices of joy; I will sing, yea, I will sing praises unto the LORD.",What can lift someone’s spirits and inspire joy in the midst of challenges?
400,31,9,"Have mercy upon me, O LORD, for I am in trouble: mine eye is consumed with grief, yea, my soul and my belly.",What does someone ask for when they feel overwhelmed by emotional and physical distress?
401,31,10,"For my life is spent with grief, and my years with sighing: my strength faileth because of mine iniquity, and my bones are consumed.",How can guilt and personal mistakes drain a person’s strength?
403,31,12,I am forgotten as a dead man out of mind: I am like a broken vessel.,How does it feel to be abandoned and forgotten by others?
404,31,13,"For I have heard the slander of many: fear was on every side: while they took counsel together against me, they devised to take away my life.",What kind of fear arises from hearing slander and knowing others are plotting against you?
406,31,15,"My times are in thy hand: deliver me from the hand of mine enemies, and from them that persecute me.",How does trusting in divine timing bring a sense of relief during difficult times?
407,31,16,Make thy face to shine upon thy servant: save me for thy mercies' sake.,What does it mean to ask for divine favor in the midst of trouble?
409,31,18,Let the lying lips be put to silence; which speak grievous things proudly and contemptuously against the righteous.,What do people wish for when they ask for the silence of deceitful voices?
415,31,24,"Be of good courage, and he shall strengthen your heart, all ye that hope in the LORD.",How can courage and hope provide strength during challenging moments?
416,32,1,"Blessed is he whose transgression is forgiven, whose sin is covered.",What kind of happiness comes from being forgiven for past mistakes?
418,32,3,"When I kept silence, my bones waxed old through my roaring all the day long.",How does staying silent about guilt impact a person physically and emotionally?
420,32,5,"I acknowledge my sin unto thee, and mine iniquity have I not hid. I said, I will confess my transgressions unto the LORD; and thou forgavest the iniquity of my sin. Selah.",What happens when someone decides to confess their mistakes openly?
422,32,7,Thou art my hiding place; thou shalt preserve me from trouble; thou shalt compass me about with songs of deliverance. Selah.,How does the idea of being hidden and protected provide comfort in times of trouble?
423,32,8,I will instruct thee and teach thee in the way which thou shalt go: I will guide thee with mine eye.,What kind of guidance do people seek to stay on the right path in life?
425,32,10,"Many sorrows shall be to the wicked: but he that trusteth in the LORD, mercy shall compass him about.",How is trust in mercy associated with emotional relief and protection from sorrow?
430,33,4,For the word of the LORD is right; and all his works are done in truth.,How do the earth’s wonders reflect a sense of divine goodness?
432,33,6,By the word of the LORD were the heavens made; and all the host of them by the breath of his mouth.,How were the heavens and everything in them brought into existence?
435,33,9,"For he spake, and it was done; he commanded, and it stood fast.",What does it mean for someone to stand in awe of the power of spoken words?
436,33,10,The LORD bringeth the counsel of the heathen to nought: he maketh the devices of the people of none effect.,How can the plans of people be frustrated by a higher force?
441,33,15,He fashioneth their hearts alike; he considereth all their works.,"What does it mean for every person to be observed and understood, no matter their position?"
442,33,16,There is no king saved by the multitude of an host: a mighty man is not delivered by much strength.,Why is relying on power and strength often a false sense of security?
444,33,18,"Behold, the eye of the LORD is upon them that fear him, upon them that hope in his mercy;",What kind of hope brings comfort during times of need and scarcity?
449,34,1,I will bless the LORD at all times: his praise shall continually be in my mouth.,How can constant praise bring joy to a person’s life?
452,34,4,"I sought the LORD, and he heard me, and delivered me from all my fears.",How does seeking help alleviate fear and bring peace of mind?
453,34,5,"They looked unto him, and were lightened: and their faces were not ashamed.",What happens to someone’s outlook when they find relief from distress?
500,36,2,"For he flattereth himself in his own eyes, until his iniquity be found to be hateful.",How does self-deception prevent a person from recognizing their faults?
501,36,3,"The words of his mouth are iniquity and deceit: he hath left off to be wise, and to do good.",What happens when someone abandons wisdom and goodness?
503,36,5,"Thy mercy, O LORD, is in the heavens; and thy faithfulness reacheth unto the clouds.",How is divine mercy described as reaching beyond human understanding?
505,36,7,"How excellent is thy lovingkindness, O God! therefore the children of men put their trust under the shadow of thy wings.",What comfort comes from trusting in divine care and protection?
507,36,9,For with thee is the fountain of life: in thy light shall we see light.,How does recognizing divine kindness inspire trust among people?
511,37,1,"Fret not thyself because of evildoers, neither be thou envious against the workers of iniquity.",Why shouldn't people be envious of those who commit wrongs?
513,37,3,"Trust in the LORD, and do good; so shalt thou dwell in the land, and verily thou shalt be fed.",How can trust in a higher power lead to personal fulfillment?
514,37,4,Delight thyself also in the LORD: and he shall give thee the desires of thine heart.,What does it mean to delight in divine guidance and receive the desires of one's heart?
518,37,8,"Cease from anger, and forsake wrath: fret not thyself in any wise to do evil.",Why is patience important when witnessing the success of the wicked?
521,37,11,But the meek shall inherit the earth; and shall delight themselves in the abundance of peace.,How does humility bring lasting peace and abundance?
524,37,14,"The wicked have drawn out the sword, and have bent their bow, to cast down the poor and needy, and to slay such as be of upright conversation.",How does wickedness eventually turn back on those who plot harm?
526,37,16,A little that a righteous man hath is better than the riches of many wicked.,Why is a righteous life with little more valuable than the riches of the wicked?
528,37,18,The LORD knoweth the days of the upright: and their inheritance shall be for ever.,"What kind of inheritance do the upright receive, especially in hard times?"
533,37,23,The steps of a good man are ordered by the LORD: and he delighteth in his way.,"How does divine guidance keep a person from falling, even during hardships?"
535,37,25,"I have been young, and now am old; yet have I not seen the righteous forsaken, nor his seed begging bread.","What does it mean that the righteous are never abandoned, even in old age?"
540,37,30,"The mouth of the righteous speaketh wisdom, and his tongue talketh of judgment.",Why is wisdom on the lips of the righteous essential for navigating life?
544,37,34,"Wait on the LORD, and keep his way, and he shall exalt thee to inherit the land: when the wicked are cut off, thou shalt see it.",How does waiting on divine timing lead to eventual triumph over wickedness?
545,37,35,"I have seen the wicked in great power, and spreading himself like a green bay tree.",What lesson can be learned from seeing the downfall of someone who once seemed powerful?
551,38,1,"O lord, rebuke me not in thy wrath: neither chasten me in thy hot displeasure.",What impact does divine rebuke have on a person's physical and emotional well-being?
554,38,4,For mine iniquities are gone over mine head: as an heavy burden they are too heavy for me.,How do personal mistakes feel like a heavy burden that overwhelms the mind?
556,38,6,I am troubled; I am bowed down greatly; I go mourning all the day long.,What causes deep mourning and sorrow in someone struggling with guilt?
588,40,3,"And he hath put a new song in my mouth, even praise unto our God: many shall see it, and fear, and shall trust in the LORD.",How does divine help offer comfort to those in need?
598,40,13,"Be pleased, O LORD, to deliver me: O LORD, make haste to help me.",What consequences might people face for mocking others?
602,40,17,"But I am poor and needy; yet the Lord thinketh upon me: thou art my help and my deliverer; make no tarrying, O my God.",What might a person feel if they are poor and in need?
603,41,1,Blessed is he that considereth the poor: the LORD will deliver him in time of trouble.,What are the benefits of caring for the poor?
605,41,3,The LORD will strengthen him upon the bed of languishing: thou wilt make all his bed in his sickness.,How can someone be strengthened during times of illness?
607,41,5,"Mine enemies speak evil of me, When shall he die, and his name perish?",How might enemies talk behind someone's back?
611,41,9,"Yea, mine own familiar friend, in whom I trusted, which did eat of my bread, hath lifted up his heel against me.",How do enemies devise harm through gossip?
613,41,11,"By this I know that thou favourest me, because mine enemy doth not triumph over me.",How might betrayal feel when it comes from a trusted friend?
614,41,12,"And as for me, thou upholdest me in mine integrity, and settest me before thy face for ever.",What might a person desire after being wronged by others?
616,42,1,"As the hart panteth after the water brooks, so panteth my soul after thee, O God.","How does someone long for something essential, like water?"
618,42,3,"My tears have been my meat day and night, while they continually say unto me, Where is thy God?",How can sorrow consume a person throughout the day?
620,42,5,"Why art thou cast down, O my soul? and why art thou disquieted in me? hope thou in God: for I shall yet praise him for the help of his countenance.",Why might someone question their own sadness and seek comfort?
622,42,7,Deep calleth unto deep at the noise of thy waterspouts: all thy waves and thy billows are gone over me.,How can overwhelming emotions feel like being overcome by nature?
624,42,9,"I will say unto God my rock, Why hast thou forgotten me? why go I mourning because of the oppression of the enemy?",What could make someone feel abandoned in times of oppression?
625,42,10,"As with a sword in my bones, mine enemies reproach me; while they say daily unto me, Where is thy God?",How does constant ridicule from enemies affect a person?
627,43,1,"Judge me, O God, and plead my cause against an ungodly nation: O deliver me from the deceitful and unjust man.",What might someone ask when facing injustice from others?
629,43,3,"O send out thy light and thy truth: let them lead me; let them bring me unto thy holy hill, and to thy tabernacles.",How can light and truth guide someone to where they need to be?
632,44,1,"We have heard with our ears, O God, our fathers have told us, what work thou didst in their days, in the times of old.",What can we learn from stories passed down through generations?
634,44,3,"For they got not the land in possession by their own sword, neither did their own arm save them: but thy right hand, and thine arm, and the light of thy countenance, because thou hadst a favour unto them.",What historical events show people being driven from their lands?
637,44,6,"For I will not trust in my bow, neither shall my sword save me.",How can people win battles without relying on their own strength?
641,44,10,Thou makest us to turn back from the enemy: and they which hate us spoil for themselves.,How does it feel when efforts lead to defeat instead of victory?
642,44,11,Thou hast given us like sheep appointed for meat; and hast scattered us among the heathen.,What does it feel like to be scattered among unfamiliar people?
644,44,13,"Thou makest us a reproach to our neighbours, a scorn and a derision to them that are round about us.",How does it feel to be ridiculed by neighboring countries?
648,44,17,"All this is come upon us; yet have we not forgotten thee, neither have we dealt falsely in thy covenant.",What might cause someone to feel constant shame and confusion?
655,44,24,"Wherefore hidest thou thy face, and forgettest our affliction and our oppression?",Why would someone cry out for help when they feel completely broken?
658,45,1,My heart is inditing a good matter: I speak of the things which I have made touching the king: my tongue is the pen of a ready writer.,How might a person feel inspired to share their thoughts about someone in power?
660,45,3,"Gird thy sword upon thy thigh, O most mighty, with thy glory and thy majesty.",What qualities define a strong and majestic leader?
662,45,5,Thine arrows are sharp in the heart of the king's enemies; whereby the people fall under thee.,How can a sharp weapon symbolize strength in a leader’s hands?
664,45,7,"Thou lovest righteousness, and hatest wickedness: therefore God, thy God, hath anointed thee with the oil of gladness above thy fellows.",What does it mean for someone to value righteousness and hate wickedness?
670,45,13,The king's daughter is all glorious within: her clothing is of wrought gold.,How might someone experience joy as they approach a grand and joyful event?
675,46,1,"God is our refuge and strength, a very present help in trouble.",What does it mean to find strength and security in times of trouble?
676,46,2,"Therefore will not we fear, though the earth be removed, and though the mountains be carried into the midst of the sea;",How can we remain calm when facing massive upheavals in life?
680,46,6,"The heathen raged, the kingdoms were moved: he uttered his voice, the earth melted.",What kind of peace can people find when surrounded by chaos?
683,46,9,"He maketh wars to cease unto the end of the earth; he breaketh the bow, and cutteth the spear in sunder; he burneth the chariot in the fire.",How can we understand the impact of wars coming to an end?
684,46,10,"Be still, and know that I am God: I will be exalted among the heathen, I will be exalted in the earth.",What might it mean to simply stop and reflect in moments of crisis?
686,47,1,"O clap your hands, all ye people; shout unto God with the voice of triumph.",How can people express collective joy and triumph?
690,47,5,"God is gone up with a shout, the LORD with the sound of a trumpet.",How can music and praise bring people together in celebration?
692,47,7,For God is the King of all the earth: sing ye praises with understanding.,What does it mean for a higher power to reign over nations?
695,48,1,"Great is the LORD, and greatly to be praised in the city of our God, in the mountain of his holiness.",Why is the city of God considered a place of beauty and significance?
698,48,4,"For, lo, the kings were assembled, they passed by together.",What causes people to marvel and retreat when faced with something powerful?
700,48,6,"Fear took hold upon them there, and pain, as of a woman in travail.",What metaphor describes the intense pain or fear someone is feeling?
701,48,7,Thou breakest the ships of Tarshish with an east wind.,What natural force caused the destruction of the ships of Tarshish?
706,48,12,"Walk about Zion, and go round about her: tell the towers thereof.",Why should the daughters of Judah rejoice?
707,48,13,"Mark ye well her bulwarks, consider her palaces; that ye may tell it to the generation following.",What activity is recommended to reflect on the strength and beauty of Zion?
711,49,3,My mouth shall speak of wisdom; and the meditation of my heart shall be of understanding.,Why is it pointless to fear during difficult times?
718,49,10,"For he seeth that wise men die, likewise the fool and the brutish person perish, and leave their wealth to others.",What is the folly of those who believe their wealth and homes will last forever?
724,49,16,"Be not thou afraid when one is made rich, when the glory of his house is increased;",What is a person compared to when they do not understand their own mortality?
725,49,17,For when he dieth he shall carry nothing away: his glory shall not descend after him.,What happens to a person's wealth and glory after they die?
728,49,20,"Man that is in honour, and understandeth not, is like the beasts that perish.",How is a person who has honor but no understanding compared to a beast?
738,50,10,"For every beast of the forest is mine, and the cattle upon a thousand hills.",Who owns the cattle on a thousand hills and all the wild beasts?
740,50,12,"If I were hungry, I would not tell thee: for the world is mine, and the fulness thereof.","If someone were hungry, why would they not need to ask for food?"
742,50,14,Offer unto God thanksgiving; and pay thy vows unto the most High:,What is the appropriate offering to give in times of trouble?
747,50,19,"Thou givest thy mouth to evil, and thy tongue frameth deceit.",What leads to salvation for those who live correctly?
772,52,2,"The tongue deviseth mischiefs; like a sharp razor, working deceitfully.",How does the tongue of someone who loves evil behave?
777,52,7,"Lo, this is the man that made not God his strength; but trusted in the abundance of his riches, and strengthened himself in his wickedness.",What happens to the person who relies on wealth and mischief?
780,53,1,"The fool hath said in his heart, There is no God. Corrupt are they, and have done abominable iniquity: there is none that doeth good.","What does the fool say about the existence of God, and how are they described?"
783,53,4,Have the workers of iniquity no knowledge? who eat up my people as they eat bread: they have not called upon God.,"What do the workers of iniquity do, and what basic knowledge are they lacking?"
797,55,5,"Fearfulness and trembling are come upon me, and horror hath overwhelmed me.",What emotions does the speaker experience when feeling overwhelmed?
798,55,6,"And I said, Oh that I had wings like a dove! for then would I fly away, and be at rest.",What does the speaker wish for as an escape from their troubles?
800,55,8,I would hasten my escape from the windy storm and tempest.,What is a natural reaction when faced with a turbulent situation?
801,55,9,"Destroy, O Lord, and divide their tongues: for I have seen violence and strife in the city.",What could be a reason for wanting to divide groups within a city?
802,55,10,Day and night they go about it upon the walls thereof: mischief also and sorrow are in the midst of it.,What happens day and night in a city where strife and violence persist?
803,55,11,Wickedness is in the midst thereof: deceit and guile depart not from her streets.,What is one common element present in cities plagued by wickedness?
804,55,12,For it was not an enemy that reproached me; then I could have borne it: neither was it he that hated me that did magnify himself against me; then I would have hid myself from him:,How does betrayal by a close acquaintance feel different from betrayal by an enemy?
805,55,13,"But it was thou, a man mine equal, my guide, and mine acquaintance.",What is the significance of sharing advice and companionship with a close friend?
806,55,14,"We took sweet counsel together, and walked unto the house of God in company.",What might someone wish for in response to the presence of evil in others?
812,55,20,He hath put forth his hands against such as be at peace with him: he hath broken his covenant.,What makes deceitful words dangerous even when they sound pleasant?
817,56,2,"Mine enemies would daily swallow me up: for they be many that fight against me, O thou most High.",What emotion might you feel if you were overwhelmed by enemies?
818,56,3,"What time I am afraid, I will trust in thee.",What can you do when you feel afraid of what others might do to you?
821,56,6,"They gather themselves together, they hide themselves, they mark my steps, when they wait for my soul.",How does it feel when others twist your words or plot against you?
823,56,8,Thou tellest my wanderings: put thou my tears into thy bottle: are they not in thy book?,What might be a reason to hope for someone’s downfall?
824,56,9,"When I cry unto thee, then shall mine enemies turn back: this I know; for God is for me.",How can your personal struggles be recorded and remembered?
827,56,12,"Thy vows are upon me, O God: I will render praises unto thee.",How does trust in a higher force affect fear of others?
832,57,4,"My soul is among lions: and I lie even among them that are set on fire, even the sons of men, whose teeth are spears and arrows, and their tongue a sharp sword.",What metaphor can be used to describe malicious people who seek to harm others?
834,57,6,"They have prepared a net for my steps; my soul is bowed down: they have digged a pit before me, into the midst whereof they are fallen themselves. Selah.",What could happen to those who plan traps for others?
840,58,1,"Do ye indeed speak righteousness, O congregation? do ye judge uprightly, O ye sons of men?",How do people in authority often fail in their responsibilities?
842,58,3,"The wicked are estranged from the womb: they go astray as soon as they be born, speaking lies.",At what point in life do some people begin to engage in harmful behavior?
843,58,4,Their poison is like the poison of a serpent: they are like the deaf adder that stoppeth her ear;,What are some characteristics of malicious behavior?
846,58,7,"Let them melt away as waters which run continually: when he bendeth his bow to shoot his arrows, let them be as cut in pieces.",How might one hope for a symbolic destruction of harmful forces?
851,59,1,"Deliver me from mine enemies, O my God: defend me from them that rise up against me.",What would you ask for if you felt pursued by powerful enemies?
854,59,4,"They run and prepare themselves without my fault: awake to help me, and behold.",How does it feel to be unjustly accused and pursued by others?
856,59,6,"They return at evening: they make a noise like a dog, and go round about the city.","How do some enemies express their hostility, and how do they perceive accountability?"
857,59,7,"Behold, they belch out with their mouth: swords are in their lips: for who, say they, doth hear?",How does someone’s strength motivate you to remain vigilant?
861,59,11,"Slay them not, lest my people forget: scatter them by thy power; and bring them down, O Lord our shield.",What emotions might you feel when asking for an enemy’s downfall?
865,59,15,"Let them wander up and down for meat, and grudge if they be not satisfied.",What is the reaction when enemies continue their hostile actions at night?
869,60,2,Thou hast made the earth to tremble; thou hast broken it: heal the breaches thereof; for it shaketh.,What natural disaster metaphor could be used to describe a state of instability?
870,60,3,Thou hast shewed thy people hard things: thou hast made us to drink the wine of astonishment.,How does hardship affect a group of people?
878,60,11,Give us help from trouble: for vain is the help of man.,What assistance might you ask for when facing a challenge too great to handle alone?
881,61,2,"From the end of the earth will I cry unto thee, when my heart is overwhelmed: lead me to the rock that is higher than I.",What metaphor might someone use to describe seeking protection in difficult times?
890,62,3,"How long will ye imagine mischief against a man? ye shall be slain all of you: as a bowing wall shall ye be, and as a tottering fence.",What could be an emotional response to feeling attacked or threatened by others?
891,62,4,"They only consult to cast him down from his excellency: they delight in lies: they bless with their mouth, but they curse inwardly. Selah.","Why might people scheme against others, and how do they conceal their true intentions?"
897,62,10,"Trust not in oppression, and become not vain in robbery: if riches increase, set not your heart upon them.",How does comparing people of different social standings reveal their true worth?
898,62,11,God hath spoken once; twice have I heard this; that power belongeth unto God.,"Why is it advised not to rely on wealth, even if it increases?"
900,63,1,"O God, thou art my God; early will I seek thee: my soul thirsteth for thee, my flesh longeth for thee in a dry and thirsty land, where no water is;","How does one express a deep longing or desire, especially in difficult circumstances?"
905,63,6,"When I remember thee upon my bed, and meditate on thee in the night watches.",What might one reflect on when seeking comfort in challenging times?
911,64,1,"Hear my voice, O God, in my prayer: preserve my life from fear of the enemy.",What concerns might someone have about their personal safety when faced with threats from others?
912,64,2,Hide me from the secret counsel of the wicked; from the insurrection of the workers of iniquity:,How does one describe feelings of being targeted by others through words or actions?
915,64,5,"They encourage themselves in an evil matter: they commune of laying snares privily; they say, Who shall see them?",What behaviors do people who seek to deceive others often exhibit?
918,64,8,So they shall make their own tongue to fall upon themselves: all that see them shall flee away.,"What could happen to people who speak ill of others, according to some perspectives?"
929,65,9,"Thou visitest the earth, and waterest it: thou greatly enrichest it with the river of God, which is full of water: thou preparest them corn, when thou hast so provided for it.","How can natural phenomena, such as mountains or oceans, evoke a sense of power?"
932,65,12,They drop upon the pastures of the wilderness: and the little hills rejoice on every side.,"What are some ways in which the natural world provides for human needs, such as food?"
945,66,12,Thou hast caused men to ride over our heads; we went through fire and through water: but thou broughtest us out into a wealthy place.,How do some people interpret challenges as tests of their endurance or resilience?
949,66,16,"Come and hear, all ye that fear God, and I will declare what he hath done for my soul.",What might someone offer in gratitude after experiencing a significant personal challenge?
964,68,4,"Sing unto God, sing praises to his name: extol him that rideth upon the heavens by his name JAH, and rejoice before him.",What might cause a group of people to scatter or flee in fear?
966,68,6,God setteth the solitary in families: he bringeth out those which are bound with chains: but the rebellious dwell in a dry land.,"How can the natural world, such as weather patterns, symbolize power or transformation?"
969,68,9,"Thou, O God, didst send a plentiful rain, whereby thou didst confirm thine inheritance, when it was weary.","How do people sometimes celebrate important moments, especially with music and dance?"
996,69,1,"Save me, O God; for the waters are come in unto my soul.","What does it feel like to be overwhelmed, as though one is drowning emotionally?"
999,69,4,"They that hate me without a cause are more than the hairs of mine head: they that would destroy me, being mine enemies wrongfully, are mighty: then I restored that which I took not away.",How might one describe feeling unjustly hated or wronged by others?
1000,69,5,"O God, thou knowest my foolishness; and my sins are not hid from thee.",What is the impact of zeal and reproach on personal relationships?
1005,69,10,"When I wept, and chastened my soul with fasting, that was to my reproach.",How does the act of fasting relate to personal shame?
1009,69,14,"Deliver me out of the mire, and let me not sink: let me be delivered from them that hate me, and out of the deep waters.",What does it mean to feel abandoned by those around you?
1012,69,17,And hide not thy face from thy servant; for I am in trouble: hear me speedily.,How does one seek redemption in times of trouble?
1016,69,21,They gave me also gall for my meat; and in my thirst they gave me vinegar to drink.,What is the significance of humility in seeking help?
1019,69,24,"Pour out thine indignation upon them, and let thy wrathful anger take hold of them.",How can hope be sustained during challenging times?
1021,69,26,For they persecute him whom thou hast smitten; and they talk to the grief of those whom thou hast wounded.,What role does faith play in overcoming adversity?
1023,69,28,"Let them be blotted out of the book of the living, and not be written with the righteous.",How does one find strength through past experiences?
1025,69,30,"I will praise the name of God with a song, and will magnify him with thanksgiving.",What does it mean to continuously praise despite difficulties?
1062,72,2,"He shall judge thy people with righteousness, and thy poor with judgment.",How does leadership affect justice for the poor?
1065,72,5,"They shall fear thee as long as the sun and moon endure, throughout all generations.",What are the implications of righteousness in governance?
1070,72,10,The kings of Tarshish and of the isles shall bring presents: the kings of Sheba and Seba shall offer gifts.,How do natural phenomena symbolize peace in society?
1072,72,12,"For he shall deliver the needy when he crieth; the poor also, and him that hath no helper.",What does it mean for a ruler to protect the needy?
1102,73,22,"So foolish was I, and ignorant: I was as a beast before thee.",What can we learn about the fleeting nature of human achievements?
1103,73,23,Nevertheless I am continually with thee: thou hast holden me by my right hand.,How can we cope with feelings of grief and emotional turmoil?
1104,73,24,"Thou shalt guide me with thy counsel, and afterward receive me to glory.",What does it mean to rely on the support of others during difficult times?
1105,73,25,Whom have I in heaven but thee? and there is none upon earth that I desire beside thee.,How can guidance shape our future and decisions?
1106,73,26,"My flesh and my heart faileth: but God is the strength of my heart, and my portion for ever.",What is the significance of having a sense of desire or longing in our lives?
1107,73,27,"For, lo, they that are far from thee shall perish: thou hast destroyed all them that go a whoring from thee.",How can one find strength in times of weakness or hardship?
1108,73,28,"But it is good for me to draw near to God: I have put my trust in the Lord GOD, that I may declare all thy works.",What does it mean to be distanced from something you once valued?
1109,74,1,"O God, why hast thou cast us off for ever? why doth thine anger smoke against the sheep of thy pasture?",How does a feeling of abandonment affect one’s perception of support?
1110,74,2,"Remember thy congregation, which thou hast purchased of old; the rod of thine inheritance, which thou hast redeemed; this mount Zion, wherein thou hast dwelt.",What role does history play in shaping our understanding of our current circumstances?
1111,74,3,Lift up thy feet unto the perpetual desolations; even all that the enemy hath done wickedly in the sanctuary.,How do we reconcile past grievances with present realities?
1112,74,4,Thine enemies roar in the midst of thy congregations; they set up their ensigns for signs.,What implications does collective memory have for community identity?
1113,74,5,A man was famous according as he had lifted up axes upon the thick trees.,How can we address the challenges faced by our communities in times of conflict?
1114,74,6,But now they break down the carved work thereof at once with axes and hammers.,What do symbols and signs represent in our cultural narratives?
1115,74,7,"They have cast fire into thy sanctuary, they have defiled by casting down the dwelling place of thy name to the ground.",How do historical figures gain recognition and respect?
1116,74,8,"They said in their hearts, Let us destroy them together: they have burned up all the synagogues of God in the land.",What are the consequences of destruction on cultural heritage?
1117,74,9,We see not our signs: there is no more any prophet: neither is there among us any that knoweth how long.,What motivates groups to destroy shared symbols of identity?
1118,74,10,"O God, how long shall the adversary reproach? shall the enemy blaspheme thy name for ever?",What happens when people feel a lack of guidance or prophetic insight?
1119,74,11,"Why withdrawest thou thy hand, even thy right hand? pluck it out of thy bosom.",How do we deal with feelings of reproach or criticism from external forces?
1120,74,12,"For God is my King of old, working salvation in the midst of the earth.",What can we learn about the persistence of memory in the face of adversity?
1121,74,13,Thou didst divide the sea by thy strength: thou brakest the heads of the dragons in the waters.,How does justice manifest in times of turmoil?
1122,74,14,"Thou brakest the heads of leviathan in pieces, and gavest him to be meat to the people inhabiting the wilderness.",What is the relationship between divine authority and earthly power dynamics?
1123,74,15,Thou didst cleave the fountain and the flood: thou driedst up mighty rivers.,How do we interpret divine judgment in the context of human actions?
1124,74,16,"The day is thine, the night also is thine: thou hast prepared the light and the sun.",What is the importance of gratitude in overcoming challenges?
1125,74,17,Thou hast set all the borders of the earth: thou hast made summer and winter.,How can personal experiences of distress lead to spiritual reflection?
1126,74,18,"Remember this, that the enemy hath reproached, O LORD, and that the foolish people have blasphemed thy name.",How does remembrance influence our understanding of current challenges?
1127,74,19,O deliver not the soul of thy turtledove unto the multitude of the wicked: forget not the congregation of thy poor for ever.,What insights can we gain from considering past generations?
1128,74,20,Have respect unto the covenant: for the dark places of the earth are full of the habitations of cruelty.,How does faith influence our understanding of personal and communal struggles?
1129,74,21,O let not the oppressed return ashamed: let the poor and needy praise thy name.,What role do memories of past wonders play in shaping our current perspective?
1130,74,22,"Arise, O God, plead thine own cause: remember how the foolish man reproacheth thee daily.",How do we understand the mysteries of life and nature?
1131,74,23,Forget not the voice of thine enemies: the tumult of those that rise up against thee increaseth continually.,What does leadership look like in times of uncertainty?
1200,78,27,"He rained flesh also upon them as dust, and feathered fowls like as the sand of the sea:",What are the consequences of succumbing to desires and ignoring warnings?
1205,78,32,"For all this they sinned still, and believed not for his wondrous works.",How does the behavior of a community influence its downfall?
1212,78,39,"For he remembered that they were but flesh; a wind that passeth away, and cometh not again.",What factors can lead to a community feeling abandoned or reproached?
1223,78,50,"He made a way to his anger; he spared not their soul from death, but gave their life over to the pestilence;",What role does divine intervention play in overcoming challenges faced by a community?
1229,78,56,"Yet they tempted and provoked the most high God, and kept not his testimonies:",What are the impacts of societal strife on individual communities?
1231,78,58,"For they provoked him to anger with their high places, and moved him to jealousy with their graven images.",What can be learned from the metaphor of a vine regarding growth and challenges?
1300,82,7,"But ye shall die like men, and fall like one of the princes.",What is the significance of mortality in the context of divine judgment?
1301,82,8,"Arise, O God, judge the earth: for thou shalt inherit all nations.",How does divine judgment relate to the authority over nations?
1322,84,3,"Yea, the sparrow hath found an house, and the swallow a nest for herself, where she may lay her young, even thine altars, O LORD of hosts, my King, and my God.",How does longing for a spiritual connection impact one’s sense of belonging?
1326,84,7,"They go from strength to strength, every one of them in Zion appeareth before God.",What role does the concept of community play in spiritual fulfillment?
1327,84,8,"O LORD God of hosts, hear my prayer: give ear, O God of Jacob. Selah.",In what ways can personal strength be derived from faith?
1331,84,12,"O LORD of hosts, blessed is the man that trusteth in thee.",What does spiritual strength represent in times of adversity?
1352,86,8,"Among the gods there is none like unto thee, O Lord; neither are there any works like unto thy works.",What does forgiveness symbolize in personal and communal contexts?
1372,88,4,I am counted with them that go down into the pit: I am as a man that hath no strength:,In what ways can gratitude be expressed in difficult situations?
1377,88,9,"Mine eye mourneth by reason of affliction: LORD, I have called daily upon thee, I have stretched out my hands unto thee.",What is the relationship between prayer and personal strength during hardships?
1380,88,12,Shall thy wonders be known in the dark? and thy righteousness in the land of forgetfulness?,How does the presence of doubt challenge faith in times of struggle?
1388,89,2,"For I have said, Mercy shall be built up for ever: thy faithfulness shalt thou establish in the very heavens.",How do the concepts of pride and humility interact within spiritual frameworks?
1396,89,10,"Thou hast broken Rahab in pieces, as one that is slain; thou hast scattered thine enemies with thy strong arm.",What does compassion reveal about the nature of leadership?
1400,89,14,Justice and judgment are the habitation of thy throne: mercy and truth shall go before thy face.,What principles govern the balance between justice and mercy?
1401,89,15,"Blessed is the people that know the joyful sound: they shall walk, O LORD, in the light of thy countenance.",What does it mean to walk in the light of joy and truth?
1402,89,16,In thy name shall they rejoice all the day: and in thy righteousness shall they be exalted.,How does one's strength and joy relate to their beliefs?
1403,89,17,For thou art the glory of their strength: and in thy favour our horn shall be exalted.,What role does divine favor play in personal empowerment?
1404,89,18,For the LORD is our defence; and the Holy One of Israel is our king.,How does faith in a higher power provide a sense of security and defense?
1405,89,19,"Then thou spakest in vision to thy holy one, and saidst, I have laid help upon one that is mighty; I have exalted one chosen out of the people.",What does it mean to be chosen or anointed for a significant purpose?
1406,89,20,I have found David my servant; with my holy oil have I anointed him:,How can a leader's strength impact their followers and community?
1407,89,21,With whom my hand shall be established: mine arm also shall strengthen him.,What are the implications of being protected from adversaries?
1408,89,22,The enemy shall not exact upon him; nor the son of wickedness afflict him.,How does loyalty and love influence the strength of leadership?
1412,89,26,"He shall cry unto me, Thou art my father, my God, and the rock of my salvation.",What does it mean to have enduring legacy and influence?
1418,89,32,"Then will I visit their transgression with the rod, and their iniquity with stripes.",How should one respond to feelings of abandonment or loss?
1419,89,33,"Nevertheless my lovingkindness will I not utterly take from him, nor suffer my faithfulness to fail.",What does mortality teach us about the value of life?
1421,89,35,Once have I sworn by my holiness that I will not lie unto David.,How can we reconcile our experiences of reproach with our beliefs?
1442,90,4,"For a thousand years in thy sight are but as yesterday when it is past, and as a watch in the night.",How can the experience of despair lead to a deeper understanding of hope?
1450,90,12,"So teach us to number our days, that we may apply our hearts unto wisdom.",How does recognizing the passage of time shape our perspectives on life?
1453,90,15,"Make us glad according to the days wherein thou hast afflicted us, and the years wherein we have seen evil.",What is the importance of seeking wisdom in how we use our time?
1455,90,17,"And let the beauty of the LORD our God be upon us: and establish thou the work of our hands upon us; yea, the work of our hands establish thou it.",How can adversity shape our appreciation for joy and mercy?
1456,91,1,He that dwelleth in the secret place of the most High shall abide under the shadow of the Almighty.,What does it mean to seek shelter and security in times of trouble?
1457,91,2,"I will say of the LORD, He is my refuge and my fortress: my God; in him will I trust.",How does trust in a higher power manifest in daily life?
1458,91,3,"Surely he shall deliver thee from the snare of the fowler, and from the noisome pestilence.",How can faith act as a protective force against various dangers?
1460,91,5,Thou shalt not be afraid for the terror by night; nor for the arrow that flieth by day;,What are the psychological effects of living in fear versus faith?
1463,91,8,Only with thine eyes shalt thou behold and see the reward of the wicked.,How does personal faith influence one's experiences of danger?
1465,91,10,"There shall no evil befall thee, neither shall any plague come nigh thy dwelling.",What motivates individuals to seek divine help in times of trouble?
1472,92,1,"IT IS A GOOD THING TO GIVE THANKS UNTO THE LORD, AND TO SING PRAISES UNTO THY NAME, O MOST HIGH:",Why is gratitude an essential part of a fulfilling life?
1473,92,2,"To shew forth thy lovingkindness in the morning, and thy faithfulness every night,",How does recognizing and expressing gratitude influence our mindset?
1475,92,4,"For thou, LORD, hast made me glad through thy work: I will triumph in the works of thy hands.",What impact do one’s thoughts and intentions have on their happiness?
1477,92,6,A brutish man knoweth not; neither doth a fool understand this.,How does the acknowledgment of deep thoughts contribute to understanding the world?
1479,92,8,"But thou, LORD, art most high for evermore.",How does one find hope and resilience in the face of adversity?
1492,94,1,"O Lord God, to whom vengeance belongeth; O God, to whom vengeance belongeth, shew thyself.",What does the ability to hear and see imply about the nature of creation?
1494,94,3,"LORD, how long shall the wicked, how long shall the wicked triumph?",What does the knowledge of human thoughts reveal about human nature?
1495,94,4,How long shall they utter and speak hard things? and all the workers of iniquity boast themselves?,What benefits come from being taught and guided through law?
1497,94,6,"They slay the widow and the stranger, and murder the fatherless.",What does it mean to not forsake one's people?
1498,94,7,"Yet they say, The LORD shall not see, neither shall the God of Jacob regard it.",What role does judgment play in establishing righteousness?
1500,94,9,"He that planted the ear, shall he not hear? he that formed the eye, shall he not see?",How does external help influence personal struggles?
1502,94,11,"The LORD knoweth the thoughts of man, that they are vanity.",How do thoughts impact one's emotional state?
1505,94,14,"For the LORD will not cast off his people, neither will he forsake his inheritance.",How can faith serve as a source of defense?
1506,94,15,But judgment shall return unto righteousness: and all the upright in heart shall follow it.,What consequences do actions have for the wicked?
1515,95,1,"O come, let us sing unto the LORD: let us make a joyful noise to the rock of our salvation.",What significance does communal worship hold?
1520,95,6,"O come, let us worship and bow down: let us kneel before the LORD our maker.",How can gratitude shape our perspective on life?
1528,96,3,"Declare his glory among the heathen, his wonders among all people.",What role does expression of joy play in sharing beliefs?
1529,96,4,"For the LORD is great, and greatly to be praised: he is to be feared above all gods.",How can we appreciate the beauty of nature in relation to creation?
1531,96,6,Honour and majesty are before him: strength and beauty are in his sanctuary.,What is the importance of acknowledging greatness in the world?
1539,97,1,The LORD reigneth; let the earth rejoice; let the multitude of isles be glad thereof.,How does the concept of divine judgment influence our actions?
1548,97,10,"Ye that love the LORD, hate evil: he preserveth the souls of his saints; he delivereth them out of the hand of the wicked.",What does it mean to love what is good?
1551,98,1,"O sing unto the LORD a new song; for he hath done marvellous things: his right hand, and his holy arm, hath gotten him the victory.",How does celebrating victories inspire community?
1553,98,3,He hath remembered his mercy and his truth toward the house of Israel: all the ends of the earth have seen the salvation of our God.,What significance does sharing stories of success have on society?
1560,99,1,The LORD reigneth; let the people tremble: he sitteth between the cherubims; let the earth be moved.,What does reverence look like in our lives?
1568,99,9,"Exalt the LORD our God, and worship at his holy hill; for the LORD our God is holy.",How can we strive for justice and righteousness in our communities?
1569,100,1,"Make a joyful noise unto the LORD, all ye lands.",What role does joy play in our approach to life?
1573,100,5,For the LORD is good; his mercy is everlasting; and his truth endureth to all generations.,How does understanding goodness shape our interactions with others?
1575,101,2,I will behave myself wisely in a perfect way. O when wilt thou come unto me? I will walk within my house with a perfect heart.,What does wisdom look like in our daily choices?
1576,101,3,I will set no wicked thing before mine eyes: I hate the work of them that turn aside; it shall not cleave to me.,How do our values influence our perspectives on morality?
1579,101,6,"Mine eyes shall be upon the faithful of the land, that they may dwell with me: he that walketh in a perfect way, he shall serve me.",What are the implications of deceit in personal relationships?
1600,102,19,For he hath looked down from the height of his sanctuary; from heaven did the LORD behold the earth;,What might be the importance of realizing that our lives are being observed from a higher perspective?
1601,102,20,To hear the groaning of the prisoner; to loose those that are appointed to death;,What can the groaning of prisoners and the release of those condemned to death teach us about justice and mercy?
1604,102,23,He weakened my strength in the way; he shortened my days.,How does a community coming together to serve a higher purpose reflect the strength of collective action?
1606,102,25,Of old hast thou laid the foundation of the earth: and the heavens are the work of thy hands.,What wisdom can we gain from contemplating the enduring nature of the foundations of the earth and the heavens?
1607,102,26,"They shall perish, but thou shalt endure: yea, all of them shall wax old like a garment; as a vesture shalt thou change them, and they shall be changed:",How does recognizing the impermanence of all things shape our understanding of change and resilience?
1611,103,2,"Bless the LORD, O my soul, and forget not all his benefits:",Why is it vital to remember the positive things in life?
1614,103,5,Who satisfieth thy mouth with good things; so that thy youth is renewed like the eagle's.,How does the concept of being renewed like an eagle's youth inspire hope or personal rejuvenation?
1615,103,6,The LORD executeth righteousness and judgment for all that are oppressed.,"Why is it important to uphold justice for the oppressed, and what lessons can we draw from that?"
1617,103,8,"The LORD is merciful and gracious, slow to anger, and plenteous in mercy.",What does being slow to anger and abundant in mercy teach us about handling difficult situations?
1623,103,14,For he knoweth our frame; he remembereth that we are dust.,"Why is it important to remember that humans are fragile, like dust?"
1624,103,15,"As for man, his days are as grass: as a flower of the field, so he flourisheth.","How does understanding the fleeting nature of life, like grass or flowers, affect how we value our time?"
1626,103,17,"But the mercy of the LORD is from everlasting to everlasting upon them that fear him, and his righteousness unto children's children;",What is the significance of the idea that mercy can endure from generation to generation?
1628,103,19,The LORD hath prepared his throne in the heavens; and his kingdom ruleth over all.,"What wisdom can be drawn from reflecting on the idea that the kingdom is beyond us, established over all?"
1633,104,2,Who coverest thyself with light as with a garment: who stretchest out the heavens like a curtain:,What does covering oneself with light symbolize in terms of self-awareness or wisdom?
1636,104,5,"Who laid the foundations of the earth, that it should not be removed for ever.",What can we learn from the idea that some things are built to last forever?
1641,104,10,"He sendeth the springs into the valleys, which run among the hills.",How does the image of springs running among the hills symbolize the interconnectedness of life?
1645,104,14,"He causeth the grass to grow for the cattle, and herb for the service of man: that he may bring forth food out of the earth;",What does the earth providing food for all creatures reveal about the balance of nature and our role in it?
1650,104,19,He appointed the moon for seasons: the sun knoweth his going down.,How does the moon’s role in marking seasons reflect the rhythms and cycles that govern life?
1654,104,23,Man goeth forth unto his work and to his labour until the evening.,What can the daily rhythm of work and rest teach us about maintaining balance in life?
1655,104,24,"O LORD, how manifold are thy works! in wisdom hast thou made them all: the earth is full of thy riches.",How does the diversity and complexity of nature reveal deeper insights into life’s richness?
1661,104,30,"Thou sendest forth thy spirit, they are created: and thou renewest the face of the earth.",What can the idea of renewal of the earth teach us about cycles of life and personal renewal?
1670,105,4,"Seek the LORD, and his strength: seek his face evermore.",What value can be found in seeking strength and clarity throughout life?
1671,105,5,"Remember his marvellous works that he hath done; his wonders, and the judgments of his mouth;",Why is it important to remember the significant events and decisions that have shaped us?
1674,105,8,"He hath remembered his covenant for ever, the word which he commanded to a thousand generations.",What can we learn from the idea of a promise lasting for a thousand generations?
1684,105,18,Whose feet they hurt with fetters: he was laid in iron:,What insights can be drawn from Joseph's endurance of suffering and eventual freedom?
1687,105,21,"He made him lord of his house, and ruler of all his substance:",What can Joseph’s rise to power after a time of hardship teach us about resilience and opportunity?
1700,105,34,"He spake, and the locusts came, and caterpillers, and that without number,",What can the arrival of locusts and caterpillars teach us about the consequences of environmental disasters?
1703,105,37,He brought them forth also with silver and gold: and there was not one feeble person among their tribes.,How might a community thrive when supported by shared wealth and resources?
1707,105,41,"He opened the rock, and the waters gushed out; they ran in the dry places like a river.",What can the image of water gushing from a rock symbolize about unexpected sources of help or survival?
1710,105,44,And gave them the lands of the heathen: and they inherited the labour of the people;,How does inheriting land and resources encourage people to observe rules or laws for sustainable living?
1714,106,3,"Blessed are they that keep judgment, and he that doeth righteousness at all times.",Why is it important for a person to strive to do what is right at all times?
1718,106,7,"Our fathers understood not thy wonders in Egypt; they remembered not the multitude of thy mercies; but provoked him at the sea, even at the Red sea.",What lessons can we learn from the idea that people often forget the help they've received during difficult times?
1724,106,13,They soon forgat his works; they waited not for his counsel:,What are the potential consequences of acting impulsively without seeking guidance?
1725,106,14,"But lusted exceedingly in the wilderness, and tempted God in the desert.",How might the fulfillment of a desire sometimes lead to inner dissatisfaction?
1730,106,19,"They made a calf in Horeb, and worshipped the molten image.",What can the worship of a golden calf teach us about the dangers of materialism and losing sight of greater values?
1740,106,29,Thus they provoked him to anger with their inventions: and the plague brake in upon them.,"What are the risks of following harmful practices or beliefs, as seen in the sacrifices to false idols?"
1751,106,40,"Therefore was the wrath of the LORD kindled against his people, insomuch that he abhorred his own inheritance.",What are the potential consequences when a group or nation turns away from their core principles?
1765,107,6,"Then they cried unto the LORD in their trouble, and he delivered them out of their distresses.",What can we learn from those who cry out for help in times of desperation?
1768,107,9,"For he satisfieth the longing soul, and filleth the hungry soul with goodness.",How does providing for the needs of a longing or hungry soul relate to personal fulfillment?
1773,107,14,"He brought them out of darkness and the shadow of death, and brake their bands in sunder.",What does being brought out of darkness symbolize in terms of overcoming adversity or despair?
1776,107,17,"Fools because of their transgression, and because of their iniquities, are afflicted.",What can be learned from the connection between personal choices and the suffering that follows?
1782,107,23,"They that go down to the sea in ships, that do business in great waters;",How does the experience of those who do business at sea reflect the unpredictability of life?
1788,107,29,"He maketh the storm a calm, so that the waves thereof are still.",What insights can we draw from the calming of a storm after a period of turmoil?
1794,107,35,"He turneth the wilderness into a standing water, and dry ground into watersprings.",What can the transformation of barren land into fertile ground teach us about renewal and growth?
1800,107,41,"Yet setteth he the poor on high from affliction, and maketh him families like a flock.",What might a person experience after enduring affliction?
1801,107,42,"The righteous shall see it, and rejoice: and all iniquity shall stop her mouth.",How would righteous people react to the downfall of iniquity?
1802,107,43,"Whoso is wise, and will observe these things, even they shall understand the lovingkindness of the LORD.",What can people gain from observing life's events with wisdom?
1803,108,1,"O god, my heart is fixed; I will sing and give praise, even with my glory.",What does someone with a steadfast heart express through praise?
1804,108,2,"Awake, psaltery and harp: I myself will awake early.",What would motivate a person to wake up early with musical instruments?
1805,108,3,"I will praise thee, O LORD, among the people: and I will sing praises unto thee among the nations.",Why would someone praise the Lord publicly?
1806,108,4,For thy mercy is great above the heavens: and thy truth reacheth unto the clouds.,How is God's mercy and truth described?
1807,108,5,"Be thou exalted, O God, above the heavens: and thy glory above all the earth;",What desire does a person express for God's exaltation?
1808,108,6,"That thy beloved may be delivered: save with thy right hand, and answer me.",What request is made for deliverance and divine intervention?
1814,108,12,Give us help from trouble: for vain is the help of man.,Why does a person feel that human help is insufficient in times of trouble?
1815,108,13,Through God we shall do valiantly: for he it is that shall tread down our enemies.,What does a person attribute victory to?
1816,109,1,"Hold not thy peace, O God of my praise;",What is a common plea when facing false accusations and deceit?
1818,109,3,They compassed me about also with words of hatred; and fought against me without a cause.,How does a person respond to adversaries despite being hated without cause?
1831,109,16,"Because that he remembered not to shew mercy, but persecuted the poor and needy man, that he might even slay the broken in heart.",Why might someone face severe consequences for persecuting the poor and broken-hearted?
1836,109,21,"But do thou for me, O GOD the Lord, for thy name's sake: because thy mercy is good, deliver thou me.",What plea is made to God when someone feels wounded and needy?
1837,109,22,"For I am poor and needy, and my heart is wounded within me.",What might a person feel when they describe themselves as both poor and wounded?
1838,109,23,I am gone like the shadow when it declineth: I am tossed up and down as the locust.,How does a person describe the fleeting nature of their life?
1839,109,24,My knees are weak through fasting; and my flesh faileth of fatness.,What physical effects might someone experience from fasting and hardship?
1841,109,26,"Help me, O LORD my God: O save me according to thy mercy:",Why does someone appeal for God's help when feeling vulnerable?
1842,109,27,"That they may know that this is thy hand; that thou, LORD, hast done it.","What is the purpose of divine intervention, according to a person seeking deliverance?"
1843,109,28,"Let them curse, but bless thou: when they arise, let them be ashamed; but let thy servant rejoice.",How does a person reconcile being cursed by others yet seeking blessings from God?
1845,109,30,"I will greatly praise the LORD with my mouth; yea, I will praise him among the multitude.",How does a person express gratitude to God publicly?
1846,109,31,"For he shall stand at the right hand of the poor, to save him from those that condemn his soul.","In what way does God stand with the poor, according to someone in need?"
1847,110,1,"The LORD said unto my Lord, Sit thou at my right hand, until I make thine enemies thy footstool.",What promise does God make about the defeat of enemies?
1850,110,4,"The LORD hath sworn, and will not repent, Thou art a priest for ever after the order of Melchizedek.",What significance is given to a priestly order that lasts forever?
1855,111,2,"The works of the LORD are great, sought out of all them that have pleasure therein.",How do people perceive the works of the Lord?
1857,111,4,He hath made his wonderful works to be remembered: the LORD is gracious and full of compassion.,What qualities does the Lord show through His works?
1862,111,9,He sent redemption unto his people: he hath commanded his covenant for ever: holy and reverend is his name.,What does God provide through His covenant with His people?
1863,111,10,The fear of the LORD is the beginning of wisdom: a good understanding have all they that do his commandments: his praise endureth for ever.,How is the fear of the Lord related to wisdom?
1864,112,1,"Praise ye the LORD. Blessed is the man that feareth the LORD, that delighteth greatly in his commandments.",What are the characteristics of someone who delights in God's commandments?
1867,112,4,"Unto the upright there ariseth light in the darkness: he is gracious, and full of compassion, and righteous.",How is an upright person described in times of darkness?
1870,112,7,"He shall not be afraid of evil tidings: his heart is fixed, trusting in the LORD.",Why is a righteous person not afraid of bad news?
1872,112,9,"He hath dispersed, he hath given to the poor; his righteousness endureth for ever; his horn shall be exalted with honour.",How is generosity towards the poor viewed in relation to righteousness?
1876,113,3,From the rising of the sun unto the going down of the same the LORD's name is to be praised.,When is the name of the Lord to be praised?
1878,113,5,"Who is like unto the LORD our God, who dwelleth on high,",What makes the Lord unique in His high position?
1880,113,7,"He raiseth up the poor out of the dust, and lifteth the needy out of the dunghill;",How does God elevate the poor and the needy?
1882,113,9,"He maketh the barren woman to keep house, and to be a joyful mother of children. Praise ye the LORD.",What does God do for a barren woman?
1887,114,5,"What ailed thee, O thou sea, that thou fleddest? thou Jordan, that thou wast driven back?",What causes natural elements like the sea and river to react so dramatically?
1889,114,7,"Tremble, thou earth, at the presence of the Lord, at the presence of the God of Jacob;",What effect does God's presence have on the earth?
1891,115,1,"Not unto us, O LORD, not unto us, but unto thy name give glory, for thy mercy, and for thy truth's sake.",What reason does a person give for glorifying God's name instead of their own?
1892,115,2,"Wherefore should the heathen say, Where is now their God?",What question might be asked by those who doubt God's presence?
1894,115,4,"Their idols are silver and gold, the work of men's hands.",What are idols made of according to someone who critiques them?
1895,115,5,"They have mouths, but they speak not: eyes have they, but they see not:","Why are idols viewed as powerless, based on their inability to speak or see?"
1898,115,8,They that make them are like unto them; so is every one that trusteth in them.,How does a person compare those who make and trust in idols to the idols themselves?
1899,115,9,"O Israel, trust thou in the LORD: he is their help and their shield.",Why does Israel trust in the Lord?
1911,116,3,"The sorrows of death compassed me, and the pains of hell gat hold upon me: I found trouble and sorrow.",What emotions surrounded me when I faced danger?
1914,116,6,"The LORD preserveth the simple: I was brought low, and he helped me.",Who does the Lord assist when they are in trouble?
1916,116,8,"For thou hast delivered my soul from death, mine eyes from tears, and my feet from falling.",What has been delivered from death and sorrow?
1919,116,11,"I said in my haste, All men are liars.",What did I say in a moment of frustration about other people?
1935,118,6,The LORD is on my side; I will not fear: what can man do unto me?,Why should I not be afraid of others?
1937,118,8,It is better to trust in the LORD than to put confidence in man.,Is it better to rely on people or something greater?
1939,118,10,All nations compassed me about: but in the name of the LORD will I destroy them.,Is trusting in authority figures less reliable than trusting in something higher?
1942,118,13,Thou hast thrust sore at me that I might fall: but the LORD helped me.,What did I do after being attacked but helped?
1951,118,22,The stone which the builders refused is become the head stone of the corner.,What significance does the rejected stone hold?
1953,118,24,This is the day which the LORD hath made; we will rejoice and be glad in it.,"Why is this day special, and what should my attitude be?"
1959,119,1,"Blessed are the undefiled in the way, who walk in the law of the LORD.",What kind of people are considered fortunate in their actions?
1960,119,2,"Blessed are they that keep his testimonies, and that seek him with the whole heart.",What does seeking with full dedication result in?
1967,119,9,Wherewithal shall a young man cleanse his way? by taking heed thereto according to thy word.,How can a young person keep their path free of mistakes?
1969,119,11,"Thy word have I hid in mine heart, that I might not sin against thee.",Why is it important to hold onto certain teachings?
1976,119,18,"Open thou mine eyes, that I may behold wondrous things out of thy law.",What do I want to discover by gaining clarity?
1986,119,28,My soul melteth for heaviness: strengthen thou me according unto thy word.,"What emotion is weighing heavily on me, and what do I need?"
1990,119,32,"I will run the way of thy commandments, when thou shalt enlarge my heart.",What will I do when I feel free and motivated?
1991,119,33,"Teach me, O LORD, the way of thy statutes; and I shall keep it unto the end.",What am I asking for guidance in understanding?
1993,119,35,Make me to go in the path of thy commandments; for therein do I delight.,What do I take joy in following?
1995,119,37,Turn away mine eyes from beholding vanity; and quicken thou me in thy way.,"What should I avoid focusing on, and how will it help me?"
1998,119,40,"Behold, I have longed after thy precepts: quicken me in thy righteousness.","What do I long for, and what can restore me?"
2000,119,42,So shall I have wherewith to answer him that reproacheth me: for I trust in thy word.,How do I respond to those who criticize me?
2003,119,45,And I will walk at liberty: for I seek thy precepts.,What brings me a sense of freedom?
2004,119,46,"I will speak of thy testimonies also before kings, and will not be ashamed.","How will I feel when speaking openly, even before powerful people?"
2008,119,50,This is my comfort in my affliction: for thy word hath quickened me.,What has brought me comfort during difficult times?
2009,119,51,The proud have had me greatly in derision: yet have I not declined from thy law.,How do I handle mockery or derision from others?
2014,119,56,"This I had, because I kept thy precepts.",Why have I stayed committed to my path?
2017,119,59,"I thought on my ways, and turned my feet unto thy testimonies.",What did I do after reflecting on my actions?
2019,119,61,The bands of the wicked have robbed me: but I have not forgotten thy law.,How did I react when wronged by others?
2021,119,63,"I am a companion of all them that fear thee, and of them that keep thy precepts.",Who are the types of people I consider my companions?
2024,119,66,Teach me good judgment and knowledge: for I have believed thy commandments.,What am I seeking when I ask for better judgment?
2025,119,67,Before I was afflicted I went astray: but now have I kept thy word.,What did I realize about my behavior after facing hardship?
2029,119,71,It is good for me that I have been afflicted; that I might learn thy statutes.,What did I gain from going through difficulties?
2030,119,72,The law of thy mouth is better unto me than thousands of gold and silver.,How do I compare learning to wealth?
2031,119,73,"Thy hands have made me and fashioned me: give me understanding, that I may learn thy commandments.",What do I hope to gain from understanding my own existence?
2032,119,74,They that fear thee will be glad when they see me; because I have hoped in thy word.,What reaction do others have when they see my commitment?
2036,119,78,Let the proud be ashamed; for they dealt perversely with me without a cause: but I will meditate in thy precepts.,How should those who treated me unfairly feel?
2039,119,81,My soul fainteth for thy salvation: but I hope in thy word.,What do I long for when I feel faint or weak?
2042,119,84,How many are the days of thy servant? when wilt thou execute judgment on them that persecute me?,What question do I ask when facing persecution?
2044,119,86,All thy commandments are faithful: they persecute me wrongfully; help thou me.,What is my reaction to being wrongfully persecuted?
2050,119,92,"Unless thy law had been my delights, I should then have perished in mine affliction.",What would have happened to me if I hadn’t found comfort in something greater?
2051,119,93,I will never forget thy precepts: for with them thou hast quickened me.,Why will I never forget certain principles?
2053,119,95,The wicked have waited for me to destroy me: but I will consider thy testimonies.,How do I handle threats from those who want to harm me?
2054,119,96,I have seen an end of all perfection: but thy commandment is exceeding broad.,What realization have I come to about perfection?
2055,119,97,O how I love thy law! it is my meditation all the day.,What is my attitude toward learning?
2056,119,98,Thou through thy commandments hast made me wiser than mine enemies: for they are ever with me.,How has learning made me more effective than my adversaries?
2057,119,99,I have more understanding than all my teachers: for thy testimonies are my meditation.,What allows me to understand more than my teachers?
2061,119,103,"How sweet are thy words unto my taste! yea, sweeter than honey to my mouth!",How do I describe the value of learning and wisdom?
2063,119,105,"Thy word is a lamp unto my feet, and a light unto my path.",What helps guide me through life?
2065,119,107,"I am afflicted very much: quicken me, O LORD, according unto thy word.",How do I react when I am heavily afflicted?
2068,119,110,The wicked have laid a snare for me: yet I erred not from thy precepts.,"What do I avoid, even when others set traps for me?"
2069,119,111,Thy testimonies have I taken as an heritage for ever: for they are the rejoicing of my heart.,What do I treasure most in life?
2071,119,113,I hate vain thoughts: but thy law do I love.,What is my attitude towards empty or vain thoughts?
2072,119,114,Thou art my hiding place and my shield: I hope in thy word.,Where do I find protection and hope?
2074,119,116,"Uphold me according unto thy word, that I may live: and let me not be ashamed of my hope.",How do I maintain hope and avoid feeling ashamed?
2081,119,123,"Mine eyes fail for thy salvation, and for the word of thy righteousness.",What do I feel when waiting for fairness and justice?
2088,119,130,The entrance of thy words giveth light; it giveth understanding unto the simple.,What does knowledge provide to those who seek it?
2094,119,136,"Rivers of waters run down mine eyes, because they keep not thy law.",Why do I feel overwhelmed with sorrow?
2097,119,139,"My zeal hath consumed me, because mine enemies have forgotten thy words.",What fuels my passion and drive?
2099,119,141,I am small and despised: yet do not I forget thy precepts.,How do I handle feeling insignificant?
2100,119,142,"Thy righteousness is an everlasting righteousness, and thy law is the truth.",What is said to be true and everlasting?
2101,119,143,Trouble and anguish have taken hold on me: yet thy commandments are my delights.,How do I find joy during times of trouble?
2102,119,144,"The righteousness of thy testimonies is everlasting: give me understanding, and I shall live.",What do I need to live and thrive?
2108,119,150,They draw nigh that follow after mischief: they are far from thy law.,What kind of people are getting closer to me?
2109,119,151,"Thou art near, O LORD; and all thy commandments are truth.",What is considered always near and true?
2110,119,152,"Concerning thy testimonies, I have known of old that thou hast founded them for ever.",How long have I known about the principles that guide me?
2115,119,157,Many are my persecutors and mine enemies; yet do I not decline from thy testimonies.,How do I stay committed even when many oppose me?
2116,119,158,"I beheld the transgressors, and was grieved; because they kept not thy word.",What is my reaction when I see people breaking the rules?
2120,119,162,"I rejoice at thy word, as one that findeth great spoil.",How do I feel when I discover something valuable?
2121,119,163,I hate and abhor lying: but thy law do I love.,What is my attitude toward falsehood?
2123,119,165,Great peace have they which love thy law: and nothing shall offend them.,What brings me great peace and resilience?
2125,119,167,My soul hath kept thy testimonies; and I love them exceedingly.,What have I kept close to me and loved deeply?
2132,119,174,"I have longed for thy salvation, O LORD; and thy law is my delight.","What have I longed for, and what do I take joy in?"
2136,120,2,"Deliver my soul, O LORD, from lying lips, and from a deceitful tongue.",What do I want to be delivered from?
2140,120,6,My soul hath long dwelt with him that hateth peace.,How long have I been surrounded by those who dislike peace?
2141,120,7,"I am for peace: but when I speak, they are for war.",What is my stance when others prefer conflict?
2142,121,1,"I will lift up mine eyes unto the hills, from whence cometh my help.",Where do I look for help?
2144,121,3,He will not suffer thy foot to be moved: he that keepeth thee will not slumber.,Who ensures that I remain steady?
2147,121,6,"The sun shall not smite thee by day, nor the moon by night.",What protects me from harm during the day and night?
2149,121,8,"The LORD shall preserve thy going out and thy coming in from this time forth, and even for evermore.",How long will I be watched over when I go about my life?
2150,122,1,"I was glad when they said unto me, Let us go into the house of the LORD.",How did I feel when invited to a significant place?
2152,122,3,Jerusalem is builded as a city that is compact together:,How is a certain city described in terms of its structure?
2156,122,7,"Peace be within thy walls, and prosperity within thy palaces.",What do I wish for a specific place?
2157,122,8,"For my brethren and companions' sakes, I will now say, Peace be within thee.",Why do I desire peace?
2162,123,4,"Our soul is exceedingly filled with the scorning of those that are at ease, and with the contempt of the proud.",What have I been filled with after being treated with contempt?
2169,124,7,"Our soul is escaped as a bird out of the snare of the fowlers: the snare is broken, and we are escaped.",How do I feel after escaping a dangerous situation?
2171,125,1,"They that trust in the LORD shall be as mount Zion, which cannot be removed, but abideth for ever.",How does someone who trusts in the right principles compare to something immovable?
2173,125,3,For the rod of the wicked shall not rest upon the lot of the righteous; lest the righteous put forth their hands unto iniquity.,What won't remain over those who are virtuous?
2177,126,2,"Then was our mouth filled with laughter, and our tongue with singing: then said they among the heathen, The LORD hath done great things for them.",What was my reaction when I experienced something incredible?
2180,126,5,They that sow in tears shall reap in joy.,What can be expected after enduring hardship?
2181,126,6,"He that goeth forth and weepeth, bearing precious seed, shall doubtless come again with rejoicing, bringing his sheaves with him.",How does someone return after a period of sorrow with something precious?
2182,127,1,"Except the LORD build the house, they labour in vain that build it: except the LORD keep the city, the watchman waketh but in vain.",What happens if a project is undertaken without proper foundation?
2183,127,2,"It is vain for you to rise up early, to sit up late, to eat the bread of sorrows: for so he giveth his beloved sleep.",Why is it unnecessary to overwork and worry?
2186,127,5,"Happy is the man that hath his quiver full of them: they shall not be ashamed, but they shall speak with the enemies in the gate.",How does a person with many children feel when facing challenges?
2188,128,2,"For thou shalt eat the labour of thine hands: happy shalt thou be, and it shall be well with thee.",What does someone who follows the right path get to enjoy?
2189,128,3,Thy wife shall be as a fruitful vine by the sides of thine house: thy children like olive plants round about thy table.,How is a wife described in relation to a household?
2191,128,5,The LORD shall bless thee out of Zion: and thou shalt see the good of Jerusalem all the days of thy life.,What will I get to see as a sign of prosperity in my family?
2194,129,2,Many a time have they afflicted me from my youth: yet they have not prevailed against me.,What is said about the persistence of challenges throughout life?
2196,129,4,The LORD is righteous: he hath cut asunder the cords of the wicked.,What has happened to those who acted with cruelty?
2300,139,1,"O lord, thou hast searched me, and known me.",Is there anyone who truly knows me inside and out?
2301,139,2,"Thou knowest my downsitting and mine uprising, thou understandest my thought afar off.",Can anyone understand my thoughts before I even speak?
2306,139,7,Whither shall I go from thy spirit? or whither shall I flee from thy presence?,Is there anywhere I can go to escape being watched or judged?
2313,139,14,I will praise thee; for I am fearfully and wonderfully made: marvellous are thy works; and that my soul knoweth right well.,How can I appreciate myself more and realize my worth?
2324,140,1,"Deliver me, O LORD, from the evil man: preserve me from the violent man;",What should I do when facing violent or manipulative people?
2326,140,3,They have sharpened their tongues like a serpent; adders' poison is under their lips. Selah.,How can I deal with people who speak with venomous intent?
2339,141,3,"Set a watch, O LORD, before my mouth; keep the door of my lips.",How can I be more careful about the words I use?
2340,141,4,"Incline not my heart to any evil thing, to practise wicked works with men that work iniquity: and let me not eat of their dainties.",How can I avoid the influence of people who do evil?
2348,142,2,I poured out my complaint before him; I shewed before him my trouble.,What can I do when I feel overwhelmed with problems and don't know where to turn?
2350,142,4,"I looked on my right hand, and beheld, but there was no man that would know me: refuge failed me; no man cared for my soul.",How can I cope with feeling abandoned and alone in my struggles?
2369,144,4,Man is like to vanity: his days are as a shadow that passeth away.,What does it mean that life feels so fleeting and temporary?
2388,145,8,"The LORD is gracious, and full of compassion; slow to anger, and of great mercy.",How can I practice more compassion and patience with others?
2389,145,9,The LORD is good to all: and his tender mercies are over all his works.,"Is there goodness in the world for everyone, even those who seem undeserving?"
2394,145,14,"The LORD upholdeth all that fall, and raiseth up all those that be bowed down.",How can I recover when I feel like I've hit rock bottom?
2404,146,3,"Put not your trust in princes, nor in the son of man, in whom there is no help.",Can I rely on powerful or influential people to help me?
2406,146,5,"Happy is he that hath the God of Jacob for his help, whose hope is in the LORD his God:",Who can I trust for true help and hope in difficult times?
2414,147,3,"He healeth the broken in heart, and bindeth up their wounds.",How can I heal when my heart feels broken?
2415,147,4,He telleth the number of the stars; he calleth them all by their names.,How vast is the universe and how much can we really understand?
2417,147,6,The LORD lifteth up the meek: he casteth the wicked down to the ground.,What happens to people who are humble compared to those who act wickedly?
2419,147,8,"Who covereth the heaven with clouds, who prepareth rain for the earth, who maketh grass to grow upon the mountains.",How does nature get its life and sustenance?
2421,147,10,He delighteth not in the strength of the horse: he taketh not pleasure in the legs of a man.,What is more important than physical strength or power?
2436,148,5,"Let them praise the name of the LORD: for he commanded, and they were created.","Why does creation exist, and who is responsible for it?"
2442,148,11,"Kings of the earth, and all people; princes, and all judges of the earth:","Who should give praise regardless of rank, age, or status?"
2460,150,6,Let every thing that hath breath praise the LORD. Praise ye the LORD.,What is the purpose of life for all living beings?
